,Lijst van personen
0,Diana Raspoet
1,Silvia de La Muela
2,Geert Vandyck
3,Kevin Janssens
4,Peter Vandenbempt
5,Bart Embrechts
6,Rutger Mollen
7,Karen Durgaryan
8,Liesje De Backer
9,Ephraïm Cielen
10,Vinnie Karetak
11,Simon D'Huyvetter
12,Hans Petter Dahl
13,Koen Swanenbergs
14,Ralph Timmermans
15,Rolf Wallin
16,Benjamin Boutreur
17,William Shakespeare
18,Thomas Johannes Mayer
19,Jelle Marteel
20,Katerina Müller
21,Geert Van Rampelberg
22,Kurt Smekens
23,Vincent Focquet
24,Philip Hohenwarter
25,Franziska Aigner
26,Witold Gombrowicz
27,Taka Shamoto
28,Els Roobroeck
29,Dea Loher
30,Maarten Naessens
31,Vincent Le Texier
32,Benjamin Van Tourhout
33,Aldo Heo
34,Alain Franco
35,Ruth Becquart
36,Boglárka Börcsök
37,Nicolas Vladyslav
38,Rodrigo Ferreira
39,Frederik Meulyzer
40,Matthias Meppelink
41,Cornelius Meister
42,Andreas Spering
43,Carl Ridders
44,Roman Van Houtven
45,Lawrence Malstaf
46,Clara Hermans
47,Viola Baroncelli
48,Iris Van Cauwenbergh
49,Stephan Vanfleteren
50,Carlo Bourguignon
51,Suzanne Gallo
52,Frederik Jassogne
53,Paolo Dos Santos
54,Marlies Jacques
55,Pierre Sartenaer
56,Michel Houellebecq
57,James Tuggle
58,Wim De Wulf
59,Geert Van der Auwera
60,Peter Van Laerhoven
61,Katrien Pierlet
62,Bert Dobbelaere
63,Jan Versweyveld
64,Muneera Rashida
65,Liesbeth Devos
66,Kurt Bikkembergs
67,Robert Steyn
68,Chris Snik
69,Ann Van den Broek
70,Marc De Proost
71,Bernd Purkrabek
72,Magnus Staveland
73,Behlül Savashkurt
74,Steven Van Watermeulen
75,Michael Olabode-Myslop Owa
76,David Helbich
77,Aarich Jespers
78,Ilke De Vries
79,Chantal Loïal
80,Noémie Goudal
81,Katja Dreyer
82,Valerie Hellebaut
83,Arnaud Meuleman
84,Frans Weisz
85,Erik Eriksson
86,Jan Maertens
87,Grace Davidson
88,Vincent Jacobs
89,Rémy Urbain
90,Aernout Mik
91,Lieze Bergé
92,Johan Daenen
93,Joana Preiss
94,Lieselotte de Keyzer
95,Peter Spaepen
96,Jan Fedinger
97,Damien Pass
98,Senjan Jansen
99,Cesar Janssens
100,Johan Vloeberghs
101,Joris Dumez
102,Mounir Ait-Hamou
103,Maja Ziska
104,Hugues Girard
105,Abigail Abraham
106,Bram Waelkens
107,Tom Clement
108,Heine Røsdal Avdal
109,Kobe wyffels
110,Lore Binon
111,Dimitri Duquennoy
112,Giovani Vanhoenacker
113,Nikolas Ankoudinof
114,Sergei Prokofjev
115,Caroline Daish
116,Mylène Lauzon
117,Julien Ladavid
118,Rudi Genbrugge
119,Fabiana Piccioli
120,Karl Van Welden
121,Andrea Kränzlin
122,Lara Barsacq
123,Sarah Vanhee
124,Timeau De Keyser
125,Christophe Coppens
126,Chris Lomme
127,Mark de Ceuster
128,Charles Perrault
129,Marc Raes
130,Francis Van Laere
131,Tim Bogaerts
132,Séraphine Stragier
133,Lukas De Wolf
134,Nikolaj Rimsky-Korsakov
135,Sarah Eisa
136,Tim Coenen
137,Mario Puzo
138,Lara Taveirne
139,Jeroen Perceval
140,Marie-Hélène Balau
141,Jessica Fanhan
142,Wim Opbrouck
143,Femke Heijens
144,Anna Meredith
145,Dianne Weller
146,Mathilde Pairon
147,Seoljin Kim
148,Annet Kouwenhoven
149,Katrien Valckenaers
150,Mieke Dobbels
151,Sébastien Hendrickx
152,Stijn Grupping
153,Dimitri Verhulst
154,Louis Combeaud
155,Bartold Uyttersprot
156,Piet Depoortere
157,Claire Goldfarb
158,Jean-Benoît Ugeux
159,Wim Delvoye
160,Anna Calsina Forrellad
161,Vital Baeken
162,Radouan Mriziga
163,Ulrika Kinn Svensson
164,André Van Leuven
165,Laurent Dupont
166,Moqapi Selassie
167,Tijs Michiels
168,Gert Jochems
169,Marie Gyselbrecht
170,Bregt Janssens
171,Zouzou Ben Chikha
172,Pieter De Buysser
173,Lukas Smolders
174,Katelijne Verbeke
175,Simon Virsaladze
176,Laure Campion
177,Martha Graham
178,Leen Roels
179,Kim Amankwaa
180,Johanna Trudzinski
181,Edmund Lauret
182,Lou Cope
183,Joop Pareyn
184,Eve Hopkins
185,Leentje Vandenbussche
186,Michèle Deghilage
187,Guilherme Garrido
188,Mat Pogo
189,Bert Haelvoet
190,Katharina Smets
191,John Steinbeck
192,Cherish Menzo
193,Roel Swanenberg
194,Ismaël Colombani
195,Johann Sebastian Bach
196,Mohanad Mukhtar
197,Aglaja Veteranyi
198,Matthieu Virot
199,Pjotr Iljitsj Tsjaikovski
200,Kris Verdonck
201,Sander Claes
202,Anne Fé De Boer
203,Jan Decorte
204,Henrik Vibskov
205,Toni Vandenplas
206,Natascha Pire
207,Jean Cocteau
208,Tcha Limberger
209,Lenneke Ruiten
210,Eva De Mul
211,Jonas Van Thielen
212,Shosha van Kranendonk
213,Tineke Caels
214,Thierry Vallier
215,Bart Baele
216,Maartje van Bourgognie
217,Dorine Demuynck
218,Mohamed Toukabri
219,Celine Verbeeck
220,Frank Vaganee
221,Iain Paterson
222,Sandy Williams
223,Sietske Van Aerde
224,Annelore Stubbe
225,Nick Monu
226,Henrik Ibsen
227,Avi Yona Bueno
228,Katharina Schlipf
229,Joeri Smet
230,Mette Edvardsen
231,Andrey Andrianov
232,Ariane Sonck
233,Bart Jacobs
234,Lieve Van Luyck
235,Lotte Stek
236,Damien Fournier
237,Paulo Guerreiro
238,Ben Fury
239,Hanneke Paauwe
240,Anton Dautzenberg
241,Aat Ceelen
242,Geert Vermeulen
243,Dominik Köninger
244,Martino Faggiani
245,Jakop Pilgram
246,Louis Paul Boon
247,Griet Herssens
248,Filip Timmerman
249,Birgit Kersbergen
250,Ben Segers
251,Lies Maréchal
252,Jan Deboom
253,Yi-Chun Liu
254,Sarah Lutz
255,Raven Ruëll
256,Lotte Vaes
257,George Gershwin
258,Noël Fischer
259,Yahya terryn
260,Renée Copraij
261,Evgeny Solodovnikov
262,Joep Conjaerts
263,Helena Volkov
264,Lien Wildemeersch
265,Jamie De Groot
266,Koen De Wilde
267,Peter De Graef
268,Stef Kamil Carlens
269,Chloé Perilleux
270,Gregory Ball
271,Bram Dobbelaere
272,Jo Francken
273,Mane Verschueren
274,Alain Ongenaet
275,Elles de Koe
276,Hans Mortelmans
277,Thomas Smetryns
278,Stijn Demeulenaere
279,Vasco Boenisch
280,Kiki Vervloessem
281,Lieve Van Vlierberghe
282,Jeanne De Voogdt
283,Paul Verrept
284,Alexander Devriendt
285,Jonas Vermeulen
286,Louise Wauters
287,Orhan Pamuk
288,Jakub Rehak
289,Benjamin Verdonck
290,Eric De Volder
291,Anne Straetmans
292,Marjolijn Debulpaep
293,Vicente Simon Y Araixa
294,Lydia Diels
295,Francis Poulenc
296,Stefan Bolliger
297,Marlene De Smet
298,Inge Bogaerts
299,Mauro Lanza
300,Mieke Versyp
301,Paulus Vogt
302,Emi Kodama
303,Lola Bogaert
304,Ulf Stark
305,Tine Van den Wyngaert
306,Jip van den Dool
307,Albert Camus
308,Ina Geerts
309,Eric Engels
310,Stefan Dijkman
311,Eric Vanthillo
312,Bert Vermeulen
313,Sophia Rodriguez
314,Dolores Hulan
315,Harald Austbo
316,Fikry El Azzouzi
317,Hans Van Cauwenberghe
318,Yvonne Huenaerts
319,Lucas Vandervost
320,Cas Enklaar
321,Bram Geldhof
322,Sara Lemaire
323,Lotte De Mont
324,Vincent Dunoyer
325,Florian Fischer
326,Nikolai Volkov
327,Bruno Vanden Broecke
328,Maria Carolina Vieira
329,Bart Voet
330,Dries Gijsels
331,Adam Smith
332,Mauricio Kagel
333,Luc Schaltin
334,Peter Jasko
335,Chokri Ben Chikha
336,Tjyying Liu
337,Michiel Van Cauwelaert
338,Cédric Charron
339,Maarten Janssens
340,Ivo Michiels
341,Patrick Dhooge
342,Sven Ronsijn
343,Peter Van Hoesen
344,Stef De Paepe
345,Katrien Van Gijsegem
346,Chloë Herteleer
347,Inge Coleman
348,Carlo Massari
349,Samir Odeh-Tamimi
350,Jan Schweiger
351,Adam Weig
352,Filip Rathé
353,Pieter Smet
354,Joris Hessels
355,Bruno De Wachter
356,András Déri
357,Sara Dandois
358,Tonnus Oosterhoff
359,Mieke Verdin
360,Eefje Wijnings
361,Sam Verdonck
362,Melissa Fellahi
363,Duncan Speakman
364,Niels leven
365,Patrick Romain
366,Koen De Graeve
367,Cecilia Moisio
368,Marc Vanrunxt
369,Pieter Van Bogaert
370,Tine Hubrechts
371,Kamel Daoud
372,Huguette D'
373,Martha Beretta
374,Willem Verheyden
375,François Nys
376,Pol Heyvaert
377,Herman van Veen
378,Sonia Si Ahmed
379,Lot Vekemans
380,Jef Loots
381,Sheila Rojas
382,An Miller
383,Alix Eynaudi
384,Mourade Zeguendi
385,Eva Bal
386,Monica Zanettin
387,John Zwaenepoel
388,Juan Dominiquez Rojo
389,Seppe Janssens
390,Viviane De Muynck
391,Kristin Rogghe
392,Shogo Yoshii
393,Erland Jacobsen
394,Yves De Pauw
395,Linde Raedschelders
396,Lieve Vanderbiesen
397,Helder Seabra
398,Hannah Bekemans
399,Akram Khan
400,Elsie de Brauw
401,Patrick Beckers
402,Adriaan Van Aken
403,Haider Al Timimi
404,jelle Spruyt
405,Annelies Van Parys
406,Stijn van de Wiel
407,Herman Sorgeloos
408,Luc De Wit
409,Hanne Vandersteene
410,Fernando Amado
411,Rogier Stoutjesdijk
412,Helmi Demeulemeester
413,An D'Huys
414,Nelle Hens
415,Jesper Kongshaug
416,Gökhan Girginol
417,Claude Vivier
418,Filip Peeters
419,Marie-Odile Dupuis
420,Ingrid Haakstad
421,Damiaan De Schrijver
422,Ravelin Thielemans
423,Miep Embrechts
424,Günther Lesage
425,Andrius Mulokas
426,Frank Merkx
427,Marijke Pinoy
428,Alexandre Vassiliev
429,Ante Jerkunica
430,Ruth Mariën
431,Florian Vandamme
432,Jellie Schippers
433,Koen Raes
434,Guy Cassiers
435,Vincent Riebeek
436,Elfriede Jelinek
437,Benny Claessens
438,Wim Willaert
439,Krystian Lada
440,Matthias Velle
441,Fahrettin Yarkin
442,Mirjam Devriendt
443,André Eiermann
444,Marie Szersnovicz
445,Arnon Grunberg
446,Noémie Schellens
447,Natalie Schrauwen
448,Bart Slegers
449,Jan Strobbe
450,Marij De Brabandere
451,Hulkar Sabirova
452,Laurens Van Bouwelen
453,Marie Kersten
454,Tijs Delbeke
455,Sofie Palmers
456,Hun-Mok Jung
457,Bo Koek
458, Armando
459,Nicolas Field
460,Jonah Bokaer
461,Marianne Van Kerkhoven
462,Maria Dafneros
463,Godart Bakkers
464,Tania Gallagher
465,Anthony Rizzi
466,Simon De Winne
467,Jacob Wren
468,Stef Stessel
469,Wouter Krokaert
470,Kristin Arras
471,Jan Machielsen
472,Wolfgang Amadeus Mozart
473,Yumi Osanai
474,Thomas Stevens
475,Pol Verwilt
476,Yukiko Shinozaki
477,David Christophe
478,Joris Vermeiren
479,Janni Van Goor
480,David Bovée
481,Dominic Grier
482,Sarah Deboosere
483,Damien Jalet
484,Yasmina Reza
485,Sofie Decleir
486,Alex Mallems
487,Astrid Michaelis
488,Bea Desmet
489,Jorgen Cassier
490,Mireille Capelle
491,Dunya Roos
492,Nikè Moens
493,Stijn Dickel
494,Eric Thielemans
495,Philip Holyman
496,Wilfried De Jong
497,Sarah Bostoen
498,Nico Schepers
499,Krisjãnis Sants
500,Koen Corbet
501,Tine Van Aerschot
502,Piet Rebel
503,Jan Van Gijsel
504,Peter Savel
505,Igor Stravinsky
506,Hassan Boufous
507,Franck Chartier
508,Dimitri Brusselmans
509,Raehann Bryce-Davis
510,David Hermann
511,Judith de Joode
512,Stijn Van Opstal
513,Elly Clarke
514,Katelijn Van Kerckhoven
515,Ronan Debois
516,Jan Sobrie
517,Ferhat Günes
518,Ana Rocha
519,Fritz Welch
520,Danaé Bosmans
521,Anna Nilsson
522,Samuel Beckett
523,Melike Tarhan
524,Els Dottermans
525,Iris Carta
526,Britt De Jonghe
527,Lula Béry
528,Abdes Hadj Oujennaou
529,Jos Brands
530,Michael Laurenz
531,Marjan De Schutter
532,Christine Chapman
533,Sami Zemni
534,Dmitry Ulyanov
535,Sofie Rosseel
536,Renee Goethijn
537,Rashif El Kaoui
538,Miet Martens
539,Charlotte Bouckaert
540,Ilse Vandenbussche
541,Ineke Nijssen
542,Henrik Ahr
543,Wallace Shawn
544,Katrin Brack
545,Erik Vlaminck
546,Oleg Danilov
547,Soetkin Claes
548,Sofie Vandenabeele
549,Reinhilde Decleir
550,Ellen Stynen
551,Michael Kraus
552,Amaryllis Uitterlinden
553,Carmen Torrent
554,Christophe Albertijn
555,Hagar Tenenbaum
556,Adrian Lenski
557,Kirsten Dehlholm
558,Sachli Gholamalizad
559,Gert-Jan Janssens
560,Kayoko Minami
561,Josef Wagner
562,Michiel Vandevelde
563,Tim Vandenbergh
564,Bohumil Hrabal
565,Jeroen Willems
566,Stef Depover
567,Alexia Leysen
568,Steven Heene
569,Aris Argiris
570,Griet Dobbelaere
571,Sofie D'hoore
572,Joachim Ben Yakoub
573,Luk Perceval
574,Jef Stevens
575,Dries Notelteirs
576,Marianne Burgers
577,Greta Goiris
578,Herwig Ilegems
579,Jeroen Doise
580,Shann Perradin
581,Kimmy Ligtvoet
582,Deniz Polatoglu
583,Aurélie Lannoy
584,Freek Mariën
585,Eivind Seljeseth
586,Julie Van den Berghe
587,Caroline Rochlitz
588,Simon Thierrée
589,J.M. Coetzee
590,Frauke Mariën
591,Stan Nieuwenhuis
592,Eva Vermeiren
593,Eivind Lønning
594,Pierre Bokma
595,Sophie De Somere
596,Sofie Saller
597,Benoît Gob
598,Salva Sanchis
599,Hendrik Lebon
600,Harry Cole
601,Elke Janssens
602, Homeros
603,Cynthia Zaven
604,Pieter Verhoeve
605,Sander Salden
606,Hans Valcke
607,Anna Sophia Bonnema
608,Gabriel Fauré
609,Ohad Fishof
610,Davis Freeman
611,Johann Loiseau
612,Raf Deckers
613,Gustav Mahler
614,Robert Gaël Maleux
615,Philipp Becker
616,Ron Reuman
617,Max Greyson
618,Hugo Moens
619,Marc Swaenen
620,Gordon Wilson
621,Griet Op De Beeck
622,Andy Van Kerschaver
623,Naomi Gibson
624,Ning Liang
625,Allan Zipson
626,Frank Dierens
627,Wallingford Riegger
628,Gabriel Solano Schenker Carneiro da Cunha
629,Ilse Mariën
630,Bassem Akiki
631,Sidi Larbi Cherkaoui
632,Klaartje Vermeulen
633,Georgina del Carmen Teunissen
634,Merce Cunningham
635,Dennis Diels
636,Georges Simenon
637,Randi De Vlieghe
638,Sara Ludi
639,Brandon Lagaert
640,Mieke De Groote
641,Chris Kondek
642,Alexandra Gilbert
643,Tuur  Florizoone
644,Piet Defrancq
645,Johan Van Assche
646,Kwinten Mordijck
647,Orfee Schuijt
648,Rutger Zuydervelt
649,Renée Lion
650,Mary Wigman
651,Claudia Hill
652,Dominique Pauwels
653,György Ligeti
654,Dominique Willaert
655,Jeanne Colin
656,Miguel do Vale
657,Sigrid Bousset
658,Jan De Brabander
659,Heidi Ehrhart
660,Bart Luypaert
661,Krisztina Szirtes
662,Maarten Schuermans
663,Raf Walschaerts
664,Bernie van Velzen
665,Leonardo Caimi
666,E.T.A. Hoffmann
667,Willem De Maeseneer
668,Philippe Beloul
669,Maxim Storms
670,Mirella Hagen
671,Michiel de Malssche
672,Steven Beersmans
673,Thomas Verstraeten
674,Benne Dousselaere
675,Navala Chaudhari
676,Wim Segers
677,Piet Decalf
678,Gytha Parmentier
679,Lieven Matthijs
680,Jakob Ampe
681,Lobke Leirens
682,Florentina Holzinger
683,Annabelle Lopez Ochoa
684,James McGinn
685,Josse De Pauw
686,Barbara Ehnes
687,Youness Anzane
688,Marcelo Puente
689,Tina Heylen
690,Jonathan Littell
691,Marina Galic
692,Kazotumi Kozuki
693,Manon De Boer
694,Christopher Kudyahakuda Dirwe
695,Sara De Bosschere
696,Mahlu Mertens
697,Laurence Roothooft
698,Turan Tayar
699,Bart Van den Eynde
700,Charlotte Vanden Eynde
701,Rupert Defossez
702,Tommy Wieringa
703,Pieter De Meester
704,Kurt Gysen
705,Frank van Schie
706,Bart Van Nuffelen
707,Tobias Staab
708,Meg Stuart
709,Yamina Takkatz
710,Shaun Amyot
711,Roel Van Berckelaer
712,Michel Tournier
713,Eike Wittrock
714,Walid Ben Chikha
715,Simon Van Buyten
716,Jorre Vandenbussche
717,Felice Ross
718,Christine Verheyden
719,Mélissa Guérin
720,Martina Griewank
721,Douwe Dijkstra
722,Ezra Fieremans
723,Patrizia Bovi
724,Rita Natálio
725,Wouter Van Looy
726,Gilles De Schryver
727,Meryem Bayram
728,Andrew Schroeder
729,Dirk Roofthooft
730,Wolfgang Heinz
731,Vasco Mendonça
732,Julia Ghysels
733,Kristien De Proost
734,Nona Demey
735,Tom Struyf
736,Jo Thielemans
737,Ivo van Hove
738,Sven Roofthooft
739,Wanda Eyckerman
740,Quintus Visser
741,Frans Grapperhaus
742,Pierre Audi
743,Jan Martens
744,Milan Tomasik
745,Michael De Cock
746,Christine Sollie
747,Marnix Rummens
748,Jochem Baelus
749,Ohad Naharin
750,Aram Katsjatoerian
751,Sam Furness
752,Thomas Pevenage
753,Tatjana Gürbaca
754,Grace Ellen Barkey
755,Charlotte Cromheeke
756,Denise Vale
757,Jen Hadfield
758,Bert Van Dijck
759,Roel Poriau
760,Joop Caboort
761,Kristof Van Boven
762,Veerle Peeters
763,Danny Timmermans
764,Thomas Janssens
765,Rebekka de Wit
766,Morgane Heyse
767,Gerardine Franken
768,Bernard Dewulf
769,Lisi Estarás
770,Wim Oris
771,Thom Willems
772,Pascale Rubens
773,Evelyne Meersschaut
774,Teresa Vergho
775,Max Adams
776,Jef Callebout
777,Brian Eno
778,Frederik Croene
779,Carmien Michels
780,Suza De Gryze
781,Melvyn Poore
782,Alwin Pulinckx
783,Michel Massot
784,Luca Meisters
785,Eleonore Marguerre
786,Goele Van Dijck
787,Fabrice Delecluse
788,Dirk Pauwels
789,Warre Borgmans
790,Peter Fol
791,Athina Kasiou
792,Kim Troubleyn
793,Bo Spaenc
794,Gabriela Carrizo
795,Sara Vanderieck
796,Julio Lopes
797,Vincenzo Casale
798,Tomás Král
799,Nicolaas Leten
800,Judit Ruiz Onandi
801,Koen Haagdorens
802,Lisa Tahon
803,Franz Schubert
804,Robbert Goyvaerts
805,Peter Lauwers
806,Boris Sverlow
807,John Graham-Hall
808,Bram Bosteels
809,Adam Carrée
810,Lies Pauwels
811,Barbara Drohsin
812,An De Mol
813,Märta Tikkanen
814,Youri Dirkx
815,Saskia Verstiggel
816,Karen De Wolf
817,Julien Josse
818,Dennis Potter
819,Albert Quesada Bernaus
820,Jolente De Keersmaeker
821,Jozef Wouters
822,Junior Akwety
823,Nona Buhrs
824,Ine Bettens
825,Koenraad Vandersyppe
826,Bert Neumann
827,Laurens Vanhulle
828,Niek Kortekaas
829,A.C. Béèl
830,Pino Etz
831,Amina Mettioui
832,Diederik De Cock
833,Bruno De Groote
834,Leos Janácek
835,Dries Douibi
836,Camille de Bonhomme
837,Louis Vanhaverbeke
838,Kristof van Baarle
839,Julia Krause
840,Solana Onzia
841,Marion Tassou
842,Ata Unal
843,Alessandro Baricco
844,Maarten Seghers
845,Birgit Langenhuysen
846,Karl Valentin
847,Yukio Shiba
848,Jules van Hulst
849,Charlotte Deschamps
850,Anne Van Es
851,Judith Vindevogel
852,Marco Colabucci
853,Ed Lyon
854,Michel Hatzigeorgiou
855,Carly Wijs
856,Marco Santy
857,Aideen Malone
858,Jean-François Ravagnan
859,Bettina Auer
860,Manu Siebens
861,Anna Vercammen
862,Taha Ghauri
863,Gilles Le Roy
864,Esse Vanderbruggen
865,Igor Shyshko
866,Steve Salembier
867,Pieter Willems
868,Nathalie Bokongo Nkumu
869,Charles Ngombengombe
870,Jan Devos
871,Fabien Robert
872,Jonas De Smet
873,Eric Joris
874,Maartje Wortel
875,Daniel Linehan
876,Gwen Laroche
877,Marc Iglesias Figueras
878,Sarah Kane
879,Philipp Pointner
880,Dipika Singh
881,Francesca Monti
882,Gonzalo Alarcòn
883,Jeroen Verrecht
884,Giacinto Caponio
885,Griet Van Damme
886,Wim Van De Vyver
887,Roeland Luyten
888,Marine Horbaczewski
889,Machteld Timmermans
890,Martine Godart
891,Pol Van den Broek
892,Kris Cuppens
893,Peter Van den Eede
894,Gregory Frateur
895,Maria Shulga
896,Helena Van den Berge
897,Cédric Coomans
898,Quintijn Ketels
899,Philippe Bekaert
900,Jeroen Olyslaegers
901,Aline Goffin
902,Mariane Cosserat
903,Goele Derick
904,Sari Veroustraete
905,Kristof Coenen
906,Kurt Van der Elst
907,Joeri Cnapelinckx
908,Bart Moens
909,Frank Vercruyssen
910,Olympe Tits
911,Wouter Hendrickx
912,Caroline Wittemans
913,Guilia Paolucci
914,Marleen Annemans
915,Lorenzo Caròla
916,Victor Perez Armero
917,Hans Meijer
918,Jef De Cremer
919,Joost Van den Branden
920,Risto Kübar
921,Anjana Dierckx
922,Martin Baarda
923,Julia Lochte
924,Marisa Cabal Cabeza
925,Tawny Andersen
926,Annelies Verdoolaege
927,Donal Byrne
928,Hans Sleutelaar
929,Steven Michel
930,Christoffer Schieche
931,Bruno Herzeele
932,Emiel Rymenans
933,Mathias Coppens
934,Elise Steenackers
935,Irene Carpentier
936,Manon Nieuweboer
937,Giacomo Puccini
938,Nina von Mechow
939,Tom Lanoye
940,Wannes Deneer
941,Hans van Manen
942,Antonello Manacorda
943,Eric Geudens
944,Eurudike De Beul
945,Tim Gistelynck
946,Jonas Van Den Bossche
947,Hugo Koolschijn
948,Elena Peeters
949,Sukina Abdul Noor
950,Kata Wéber
951,Franz Kafka
952,Roberto Rizzi-Brignoli
953,Dominique Defossez
954,Liz Kinoshita
955,Lotte Diependaele
956,Fanny Hanciaux
957,Sigrid Vinks
958,Korneel Coessens
959,Willem de Wolf
960,Dominique Van Malder
961,Erwin Jans
962,Matthias de Koning
963,Mathias Ruelle
964,Stephen Galloway
965,Chiel van Berkel
966,Robert Schumann
967,Said Boumazoughe
968,Pieter-Jan De Wyngaert
969,Bára Sigfúsdóttir
970,David Van Hove
971,Sofie Sente
972,Kornél Mundruczó
973,Stan Vreeken
974,Bettina Pommer
975,Sofie Durnez
976,Berno Odo Polzer
977,Jeroen Peeters
978,Kitty Kortes Lynch
979,Aus Greidanus jr.
980,Tonin Bruneton
981,Laurien Callebaut
982,Fabián Barba
983,Werner Kolf
984,Jean-Baptiste Veyret-Logerias
985,Sarah-Christine  Reuleke
986,Michiel Reynaert
987,Demis  Volpi
988,Reynout Dekimpe
989,Elke Thuy
990,Eline Kuppens
991,Johan Derycke
992,Mikhail Kolelishvili
993,Onika Meugens-Henderson
994,Amber Goethals
995,Anish Kapoor
996,Arne Sierens
997,Sjahin During
998,Lieve Meeussen
999,Béla Bartók
1000,Jef Put
1001,Johan Vandenborn
1002,Kristien Van den Brande
1003,Guy De Mey
1004,Bert Luppes
1005,Koen van Kaam
1006,An Lombaerts
1007,Bram Verschueren
1008,Christian Bakalov
1009,Luc Nuyens
1010,Eva Schram
1011,Audrey Dero
1012,Lilia Mestre
1013,Koen Vidal
1014,Maya Sannen
1015,Tobias Kokkelmans
1016,David Van Dijcke
1017,Tom Bruwier
1018,Mark Etchells
1019,Gasper Piano
1020,Anastasya Savitsky
1021,Kate McIntosh
1022,Geert Goiris
1023,Gab Bondewel
1024,Jo Jochems
1025,Robrecht Ghesquière
1026,Arne Van Dongen
1027,Vital Schraenen
1028,Benjamin Op de Beeck
1029,Astrid Stockman
1030,Halbo C. Kool
1031,Stanislav Dobak
1032,Sachiyo Takahashi
1033,Károly Szemerédy
1034,Kurt Defrancq
1035,Sebastien Van Huffel
1036,Darryl Woods
1037,Lucas Van Haesbroeck
1038,Rob Berends
1039,Alexia Voulgaridou
1040,David Covey
1041,Laura Fierens
1042,Simon De Vos
1043,Pol Geusens
1044,Jason Van Laere
1045,Kahori Furukawa
1046,Gerrit Valckenaers
1047,Thomas De Smedt
1048,Peter Theunynck
1049,Peter Quasters
1050,Milan Herich
1051,Polina Lapskanskoja
1052,Simon Lemmens
1053,Peter Anthonissen
1054,Maarten Meeussen
1055,Bert Dalhuysen
1056,Janne Teller
1057,Simon Lenski
1058,Jean-Paul Lespagnard
1059,Tomás Netopil
1060,Sebastian Omerson
1061,Koen Ghesquière
1062,Roy Lichtenstein
1063,Ruth Beeckmans
1064,Marijke van den Acker
1065,Iwan Van Vlierberghe
1066,Hussein Chalayan
1067,Ayelen Parolin
1068,Bart Meeusen
1069,Geert De Vleesschauwer
1070,Aaron Copp
1071,Hanna Boelens
1072,Thomas Vantuycom
1073,Bassem Hawar
1074,Michaël Vergauwen
1075,Maarten Leo Reinhard
1076,Bernard Van Eeghem
1077,Moya Michael
1078,Peter Verhelst
1079,Myriam Van Imschoot
1080,Steven Brys
1081,Olivier Hespel
1082,Korneel Moreaux
1083,Manny Dassen
1084,Lore Dejonckheere
1085,Marcos Simoes
1086,Jean Rosenthal
1087,Nico Leunen
1088,Wiard Witholt
1089,Paul Contryn
1090,Anneke Sluiters
1091,Tom Daniëls
1092,Tim David
1093,Coen Huisman
1094,Anton Quintana
1095,Katelijne Damen
1096,Menno Vandevelde
1097,Jovial Mbenga
1098,Bonnie Beecher
1099,Mark Van Denesse
1100,Thomas Kasebacher
1101,Fabrice Murgia
1102,Pat Van Hemelrijck
1103,Sephunyane Junior Mthombeni
1104,Christine Godart
1105,Vanessa Broes
1106,Claron McFadden
1107,Ludo Engels
1108,Gorges Ocloo
1109,Maarten De Vrieze
1110,Ine Van Baelen
1111,Mauro Pawlowski
1112,Johan Petit
1113,Verona Verbakel
1114,Johan Leysen
1115,Tania Van der Sanden
1116,Stephan Adriaens
1117,Giacomo Gorini
1118,Katie Lagast
1119,Luka Godon
1120,Alexandra Dolgova
1121,Stefan Perceval
1122,Isabel Voets
1123,Momcilovic Pedrag
1124,Jean Racine
1125,Tom Vermeir
1126,Amber Vandenhoeck
1127,Toon Van Mierlo
1128,Louise Van den Eede
1129,Fabrice Moinet
1130,Elisabeth Houtart
1131,Isa Tes
1132,Jelle Van Cleemputte
1133,Virginie Mécène
1134,Andreas Kuck
1135,Wim Danckaert
1136,Thomas Clause
1137,Hasmik Torosyan
1138,Alex Simu
1139,Ricardo Botta
1140,Yves Degryse
1141,Christine Leboutte
1142,Geert Chatrou
1143,Bartel Jespers
1144,Audrey Van Tuyckom
1145,Benjamin Vandewalle
1146,Simon Versnel
1147,Nathalie Tabury
1148,Oscar Van Rompay
1149,Nilda Martinez
1150,Antony Gormley
1151,Keso Dekker
1152,Koen De Sutter
1153,Annette Kurz
1154,Katrien De Bièvre
1155,Laura Vandewynckel
1156,Stan Vangheluwe
1157,Charlotte De Bruyne
1158,Patricia George
1159,Michai Geyzen
1160,Sarah Haeck
1161,Fée Roels
1162,Sara Jansen
1163,Bram Devreese
1164,Ruben Nachtergaele
1165,Greet Jacobs
1166,Suzanne Grotenhuis
1167,Sven Van Kuijk
1168,Abke Haring
1169,Michael Scott
1170,Steve Reich
1171,Lorelinde Hoet
1172,Ilse de Koe
1173,Leonardo Maietto
1174,Karel Cremers
1175,Dimitar Bodurov
1176,Jan Steen
1177,Inge Büscher
1178,Johan Knuts
1179,Lotte Heijtenis
1180,Melanie Van Vlasselaer
1181,Heike Kossmann
1182,Mat Voorter
1183,Raphaelle Latini
1184,Johan Simons
1185,Kirsten Pieters
1186,Luc Joosten
1187,Taira Kensuke
1188,Thomas Van Caeneghem
1189,Charlotte Wouters
1190,Geert Waegeman
1191,Liene Kinca
1192,Pat Riské
1193,Martine Bom
1194,Tuur Marinus
1195,Letizia Renzini
1196,Tom Tiest
1197,Anja Eisenring
1198,Freek Vielen
1199,Tiran Willemse
1200,Sebas van der Donk
1201,Tiny Bertels
1202,Lieven Slabbinck
1203,Gabriele Miracle
1204,Clara Cleymans
1205,Evelien van de Maele
1206,Tomas Desmet
1207,Jan Fabre
1208,Enrico Bagnoli
1209,Marieke Ornelis
1210,Tom Jansen
1211,Sabien Clement
1212,Laura Wallrafen
1213,Justine Maxelon
1214,Jurgen Delnaet
1215,Evgenia Brendes
1216,Marrigje Spoelstra
1217,Yel Ratajczak
1218,Els Trio
1219,Johan De Smet
1220,Naomi Beeldens
1221,Jef Van gestel
1222,Inga Hakonardottir
1223,Etienne Siebens
1224,William Forsythe
1225,Sattar Khan
1226,Hubert Berghs
1227,Mélanie Zucconi
1228,Anneleen Keppens
1229,Paul O'Neill
1230,Femke Stallaert
1231,Patrick Lateur
1232,Tunde Adefioye
1233,Ladislav Elgr
1234,Karolien Verlinden
1235,Stef Aerts
1236,Reineke Van Hooreweghe
1237,Christof Hetzer
1238,Karolien De Bleser
1239,Pieter Ampe
1240,Koen Onghena
1241,Free Desmyter
1242,Dirk Opstaele
1243,Wout Janssens
1244,Laura Vanborm
1245,Sara Fulgoni
1246,Lada Valesova
1247,Koen Demeyere
1248,Servé Hermans
1249,Wim Henderickx
1250,Rachel Harnisch
1251,James O'Hara
1252,Ferre Marnef
1253,Marleen Claeys
1254,Nada Gambier
1255,Kees Mercks
1256,Fernand Verreth
1257,Chantalla Pleiter
1258,Hans Kesting
1259,Jannis Arfeuille
1260,Camille Moonen
1261,Dieter Verhaegen
1262,Wim Bernaers
1263,Sarah Vingerhoets
1264,Chris Thys
1265,Yuri Grigorovich
1266,Sofie Van den Bossche
1267,Arvo Pärt
1268,Jonas Lambrigts
1269,Reinbert de Leeuw
1270,Pitcho Womba Konga
1271,Benno Schachtner
1272,Jeroen Versteele
1273,Jean-Luc Plouvier
1274,Monika Pormale
1275,Hendrik De Smedt
1276,Claude Debussy
1277,Pepijn Caudron
1278,Ludwig Van Beethoven
1279,Jits Van Belle
1280,Josiane Kimbaut
1281,Marguerite Duras
1282,Rakefet Levy
1283,Kris Van Oudenhove
1284,Kato Van Rooy
1285,Frank Focketyn
1286,Jitske Vandenbussche
1287,Leo De Beul
1288,Tim Vanhentenryck
1289,Julie Delrue
1290,Marjolein Demey
1291,Begüm Erciyas
1292,Nitin Sawhney
1293,Arevik Akopian
1294,Tom Dewispelaere
1295,Osama Abdulrasol
1296,Marie De Corte
1297,Sara Manente
1298,Annelies Vanlaere
1299,Valerie Le Roy
1300,Marc Weiss
1301,Omar Harrak Semati
1302,Diederik Suykens
1303,Frédérick Denis
1304,André Gregory
1305,Liesbeth Vereertbrugghen
1306,Sjaron Minailo
1307,Roos Euwe
1308,Karel Van Ransbeeck
1309,Thomas Hauert
1310,Daniel Inbal
1311,Dimitri Leue
1312,Bram Rombouts
1313,Jonas De Vuyst
1314,David Claerbout
1315,Reindert Vermeire
1316,Sabri Saad El Hamus
1317,Pieter Genard
1318,Anton Lachky
1319,Olmo Claessens
1320,Arlette Van Overvelt
1321,An Breugelmans
1322,Joeri Wens
1323,Thomas Glorieux
1324,Valentijn Dhaenens
1325,Tim Clement
1326,Marianne Loots
1327,Marco Blaauw
1328,Jordaan De Cuyper
1329,Annelies Van Hullebusch
1330,Jolien Deley
1331,Maarten Van Aerschot
1332,Vick Verachtert
1333,Babs Jobo
1334,Vincent Malstaf
1335,Aike Theuns
1336,Stefaan Van Brabandt
1337,Rik Debonne
1338,Simon Schmidt
1339,Bardia Mohammad
1340,Robrecht Vanden Thoren
1341,Arne Leurentop
1342,Mieke Laureys
1343,Pepijn Lanen
1344,Jade Derudder
1345,Joris Durnez
1346,Gène Bervoets
1347,Leo de Nijs
1348,Renaud Crols
1349,Lisbeth Gruwez
1350,Tom De With
1351,Enrique Noviello aka Kike
1352,Gerjo Van Dam
1353,Ilse Daems
1354,Robby Cleiren
1355,Joanna Bailie
1356,Kenneth Michiels
1357,Sebastiaen Baillieux
1358,Charles Pas
1359,Hervé Tullet
1360,Jean Bermes
1361,Tom Van de Oudeweetering
1362,Stef Lernous
1363,Abigaïl Fowler
1364,Myriam Van Gucht
1365,Axel Jacobs
1366,Fumiyo Ikeda
1367,Sander De Cuyper
1368,Eva Binon
1369,Sara Dykmans
1370,Tom Creed
1371,Alejandra Theus
1372,Tom De Roy
1373,Steven Van Gool
1374,Jon Filip Fahlstrøm
1375,Lisou De Henau
1376,Julie Kurris
1377,Sarah Vangeel
1378,Benjamin Cools
1379,Sara De Roo
1380,Qiu Lin Zhang
1381,Thomas Bellinck
1382,Martin Kilvady
1383,Sylvia Camarda
1384,Ursula Coene
1385,Koen Tachelet
1386,Filip Jordens
1387,Ruud Gielens
1388,Lise Surmont
1389,Luc Weytjens
1390,Hanne Roos
1391,Timme Afschrift
1392,Danny Havermans
1393,Karim Kalonji
1394,Kimie Nakano
1395,Mahabub Khan
1396,Marc Maillard
1397,Andrea Bardos
1398,Kenneth Tarver
1399,Aminata Demba
1400,Saskia Louwaard
1401,Yves Meersschaert
1402,Filip Bral
1403,Inne Goris
1404,Anton Van Hertbruggen
1405,Leen Diependaele
1406,Charles Blondeel
1407,Stefaan Quix
1408,Danya Hammoud
1409,Michiel Soete
1410,Reinout Hiel
1411,Stéphane Vloebergh
1412,Luc Goedertier
1413,Ina Peeters
1414,Chris Segers
1415,Pepa Martinez
1416,Milan Warmoeskerke
1417,Guido Vrolix
1418,Dirk De Peuter
1419,Alain Platel
1420,Stijn Engels
1421,Griet Stellamans
1422,Natali Broods
1423,Tristan Driessens
1424,Philip Bussmann
1425,Anna De Ceulaer
1426,Mesut Arslan
1427,Ingrid Godon
1428,Herman Balthazar
1429,Bart Capelle
1430,Mokhallad Rasem
1431,Lia Perez
1432,Jeroen Malaise
1433,Linse Van Gool
1434,Peter Vandemeulebroecke
1435,Steve Dugardin
1436,Anne Herbauts
1437,Roy Aernouts
1438,Dominique Collet
1439,Frans Van Der Aa
1440,Katie Vickers
1441,Bart Meuleman
1442,Jago Moons
1443,Carola Luther
1444,Vic De Wachter
1445,Tom Van der Velde
1446,Maarten van Otterdijk
1447,Thomas Vermaercke
1448,Doris Bokongo Nkumu
1449,Tineke Van Ingelgem
1450,Tom Dupont
1451,Hans Scholliers
1452,Yves Saelens
1453,Christoph Siebert
1454,Koen Goossens
1455,Mandela Wee Wee
1456,Thaïs Scholiers
1457,Anne Laure Pigache
1458,Francis Ducharme
1459,Patrick Maillard
1460,Johan Sonnenschein
1461,Lothar Baumgarte
1462,Mari Matre Larsen
1463,Paea Leach
1464,Juliana Joseph
1465,Kiyotaka Izumi
1466,Jan Dertaelen
1467,Wannes Gyselinck
1468,Bruce Collings
1469,Annelies van Hijfte
1470,Denise Sayers
1471,Rafael Stachowiak
1472,Bram De Cock
1473,Filip Van Berendoncks
1474,Johannes Hofmann
1475,Ward Heirwegh
